Date,Open,High,Low,Close,Stock
2022-04-13,2560,2606.679931640625,2554.820068359375,2597.8798828125,GOOGL
2022-04-12,2632,2632,2535.780029296875,2554.2900390625,GOOGL
2022-04-11,2636.469970703125,2641.85009765625,2573.3701171875,2576.469970703125,GOOGL
2022-04-08,2711.669921875,2713.39990234375,2659.31005859375,2665.75,GOOGL
2022-04-07,2720.199951171875,2743.2900390625,2684.550048828125,2717.77001953125,GOOGL
2022-04-06,2775,2787.2099609375,2710.340087890625,2730.9599609375,GOOGL
2022-04-05,2857.3798828125,2859.81005859375,2807.64990234375,2811.820068359375,GOOGL
2022-04-04,2807.169921875,2874.239990234375,2806.2099609375,2859.429931640625,GOOGL
2022-04-01,2790,2809.419921875,2766.14990234375,2803.010009765625,GOOGL
2022-03-31,2841.06005859375,2842.159912109375,2780.489990234375,2781.35009765625,GOOGL
2022-03-30,2849.199951171875,2854.409912109375,2832,2838.77001953125,GOOGL
2022-03-29,2852.949951171875,2875.8701171875,2840.77001953125,2850.110107421875,GOOGL
2022-03-28,2818.010009765625,2840.050048828125,2796.22998046875,2829.110107421875,GOOGL
2022-03-25,2838.320068359375,2840.699951171875,2794.75,2833.4599609375,GOOGL
2022-03-24,2784,2832.3798828125,2755.010009765625,2831.43994140625,GOOGL
2022-03-23,2774.050048828125,2791.77001953125,2756.699951171875,2765.510009765625,GOOGL
2022-03-22,2722.030029296875,2821,2722.030029296875,2797.360107421875,GOOGL
2022-03-21,2723.27001953125,2741,2681.85009765625,2722.030029296875,GOOGL
2022-03-18,2668.489990234375,2724.8798828125,2645.169921875,2722.510009765625,GOOGL
2022-03-17,2662.97998046875,2681.610107421875,2643.699951171875,2676.780029296875,GOOGL
2022-03-16,2614.659912109375,2666.659912109375,2574.68994140625,2665.610107421875,GOOGL
2022-03-15,2539.52001953125,2597.090087890625,2514.409912109375,2583.9599609375,GOOGL
2022-03-14,2605,2608.179931640625,2505.5,2519.02001953125,GOOGL
2022-03-11,2669.77001953125,2675.909912109375,2592.6298828125,2597.409912109375,GOOGL
2022-03-10,2625.320068359375,2665.43994140625,2618.25,2648.590087890625,GOOGL
2022-03-09,2625,2674.7099609375,2598.010009765625,2668.39990234375,GOOGL
2022-03-08,2525,2625,2513.489990234375,2542.090087890625,GOOGL
2022-03-07,2629.760009765625,2634.699951171875,2525.89990234375,2527.570068359375,GOOGL
2022-03-04,2658.550048828125,2677.030029296875,2606.75,2638.1298828125,GOOGL
2022-03-03,2720.199951171875,2728.7900390625,2660.510009765625,2677.989990234375,GOOGL
2022-03-02,2692.56005859375,2705.25,2661.429931640625,2691.429931640625,GOOGL
2022-03-01,2697.570068359375,2725.110107421875,2664.3701171875,2681.22998046875,GOOGL
2022-02-28,2661,2715.030029296875,2651.85009765625,2701.139892578125,GOOGL
2022-02-25,2671.0400390625,2705.429931640625,2635.030029296875,2689.18994140625,GOOGL
2022-02-24,2499.070068359375,2660,2499.070068359375,2653.820068359375,GOOGL
2022-02-23,2632.969970703125,2641.02001953125,2550.550048828125,2551.760009765625,GOOGL
2022-02-22,2596.760009765625,2643.610107421875,2564.469970703125,2596.27001953125,GOOGL
2022-02-18,2669.340087890625,2681.39990234375,2603.929931640625,2608.06005859375,GOOGL
2022-02-17,2724.860107421875,2742.27001953125,2649.570068359375,2650.780029296875,GOOGL
2022-02-16,2732.929931640625,2761.719970703125,2698.47998046875,2754.760009765625,GOOGL
2022-02-15,2751.409912109375,2762.169921875,2716.429931640625,2732.169921875,GOOGL
2022-02-14,2665.1298828125,2726,2665.1298828125,2710.52001953125,GOOGL
2022-02-11,2772,2783.1298828125,2668,2685.64990234375,GOOGL
2022-02-10,2794.070068359375,2829.68994140625,2759.139892578125,2772.39990234375,GOOGL
2022-02-09,2819.27001953125,2850.489990234375,2803.739990234375,2831.840087890625,GOOGL
2022-02-08,2780.530029296875,2800,2740.280029296875,2787.97998046875,GOOGL
2022-02-07,2885,2885,2778,2784.02001953125,GOOGL
2022-02-04,2868.889892578125,2897.5,2810.300048828125,2865.860107421875,GOOGL
2022-02-03,2914.110107421875,2993.5,2853.31005859375,2861.800048828125,GOOGL
2022-02-02,3025,3030.929931640625,2910.449951171875,2960,GOOGL
2022-02-01,2751.889892578125,2755.860107421875,2687.3701171875,2752.8798828125,GOOGL
2022-01-31,2683.239990234375,2709.4599609375,2644.18994140625,2706.070068359375,GOOGL
2022-01-28,2593.179931640625,2667.1298828125,2569.699951171875,2667.02001953125,GOOGL
2022-01-27,2626.080078125,2653.050048828125,2578.64990234375,2580.10009765625,GOOGL
2022-01-26,2622.3798828125,2660,2542.840087890625,2584.659912109375,GOOGL
2022-01-25,2574.800048828125,2587.97998046875,2530.010009765625,2538.699951171875,GOOGL
2022-01-24,2519.56005859375,2624.06005859375,2490,2616.080078125,GOOGL
2022-01-21,2651.8701171875,2697.31005859375,2601.72998046875,2607.030029296875,GOOGL
2022-01-20,2725,2752.52001953125,2659.2900390625,2666.14990234375,GOOGL
2022-01-19,2730.469970703125,2759.18994140625,2700.31005859375,2702.330078125,GOOGL
2022-01-18,2723.5,2742.6298828125,2708.77001953125,2719.9599609375,GOOGL
2022-01-14,2741.580078125,2814.840087890625,2739.969970703125,2789.610107421875,GOOGL
2022-01-13,2830.800048828125,2857,2768.179931640625,2771.739990234375,GOOGL
2022-01-12,2823,2852.159912109375,2813.889892578125,2828.610107421875,GOOGL
2022-01-11,2760.139892578125,2804.320068359375,2733.85009765625,2794.719970703125,GOOGL
2022-01-10,2701.56005859375,2776.389892578125,2663.2900390625,2773.389892578125,GOOGL
2022-01-07,2762.909912109375,2768.969970703125,2715.330078125,2740.340087890625,GOOGL
2022-01-06,2739.969970703125,2798.800048828125,2731.169921875,2754.949951171875,GOOGL
2022-01-05,2888.39990234375,2889.989990234375,2753.760009765625,2755.5,GOOGL
2022-01-04,2907.919921875,2929.699951171875,2874.330078125,2887.989990234375,GOOGL
2022-01-03,2901.10009765625,2917.02001953125,2874.260009765625,2899.830078125,GOOGL
2021-12-31,2921,2933.969970703125,2897.0400390625,2897.0400390625,GOOGL
2021-12-30,2933.8798828125,2946,2919.889892578125,2924.010009765625,GOOGL
2021-12-29,2932.889892578125,2948.340087890625,2912.949951171875,2933.10009765625,GOOGL
2021-12-28,2964.719970703125,2965.97998046875,2921.090087890625,2933.739990234375,GOOGL
2021-12-27,2945.1201171875,2966.8798828125,2943.389892578125,2958.1298828125,GOOGL
2021-12-23,2930,2964.8701171875,2929.0400390625,2938.330078125,GOOGL
2021-12-22,2861.35009765625,2930,2861.35009765625,2928.300048828125,GOOGL
2021-12-21,2841.070068359375,2877.3798828125,2810.050048828125,2869.449951171875,GOOGL
2021-12-20,2800,2835.489990234375,2786.419921875,2832.139892578125,GOOGL
2021-12-17,2850,2876.68994140625,2826,2834.5,GOOGL
2021-12-16,2943.409912109375,2953.5400390625,2872.139892578125,2888.89990234375,GOOGL
2021-12-15,2868.179931640625,2934.419921875,2833.56005859375,2928.820068359375,GOOGL
2021-12-14,2879.360107421875,2889.60009765625,2824.300048828125,2878.139892578125,GOOGL
2021-12-13,2955.6298828125,2959.39990234375,2910.35009765625,2916.530029296875,GOOGL
2021-12-10,2974,2979.550048828125,2934.080078125,2960.030029296875,GOOGL
2021-12-09,2951.820068359375,2982,2942.300048828125,2952.77001953125,GOOGL
2021-12-08,2951.929931640625,2967.860107421875,2928.1201171875,2963.72998046875,GOOGL
2021-12-07,2911.929931640625,2950.6201171875,2904.550048828125,2945.389892578125,GOOGL
2021-12-06,2860.81005859375,2877.050048828125,2803,2863.10009765625,GOOGL
2021-12-03,2873.6201171875,2888,2806.02001953125,2840.030029296875,GOOGL
2021-12-02,2825,2877.2900390625,2804.2900390625,2859.320068359375,GOOGL
2021-12-01,2880,2919.010009765625,2818.239990234375,2821.030029296875,GOOGL
2021-11-30,2900.169921875,2920,2832.030029296875,2837.949951171875,GOOGL
2021-11-29,2880,2925.949951171875,2877.8701171875,2910.610107421875,GOOGL
2021-11-26,2886.969970703125,2891.14990234375,2836.85009765625,2843.659912109375,GOOGL
2021-11-24,2909.469970703125,2924.989990234375,2887.4599609375,2922.39990234375,GOOGL
2021-11-23,2923.06005859375,2933.199951171875,2882.300048828125,2915.639892578125,GOOGL
2021-11-22,2986.64990234375,2996.590087890625,2922.949951171875,2926.0400390625,GOOGL
2021-11-19,2999.510009765625,3019.330078125,2977.97998046875,2978.530029296875,GOOGL
2021-11-18,2964.830078125,3011.610107421875,2957.68994140625,2996.77001953125,GOOGL
2021-11-17,2960.550048828125,2971.18994140625,2944.800048828125,2960.93994140625,GOOGL
2021-11-16,2962.989990234375,2975.25,2946.25,2957.52001953125,GOOGL
2021-11-15,2978.010009765625,2990.989990234375,2951.5,2969.0400390625,GOOGL
2021-11-12,2932.31005859375,2977,2908.219970703125,2973.56005859375,GOOGL
2021-11-11,2929.7900390625,2950.7099609375,2912.010009765625,2915.330078125,GOOGL
2021-11-10,2950,2961.39990234375,2890.75,2917.8701171875,GOOGL
2021-11-09,2984.659912109375,2996.68994140625,2944.89990234375,2978.3701171875,GOOGL
2021-11-08,2996.5,3012.300048828125,2968.610107421875,2980.6201171875,GOOGL
2021-11-05,2983.389892578125,3006.550048828125,2963.93994140625,2977.0400390625,GOOGL
2021-11-04,2942.489990234375,2994.669921875,2926.159912109375,2965.35009765625,GOOGL
2021-11-03,2918.010009765625,2933.3798828125,2891.820068359375,2931.9599609375,GOOGL
2021-11-02,2891.590087890625,2932.179931640625,2886.7099609375,2908.64990234375,GOOGL
2021-11-01,2960.919921875,2960.919921875,2864.510009765625,2869.93994140625,GOOGL
2021-10-29,2901.56005859375,2964.840087890625,2892.989990234375,2960.919921875,GOOGL
2021-10-28,2942.68994140625,2943.159912109375,2892.5400390625,2916.97998046875,GOOGL
2021-10-27,2788.10009765625,2973,2788.10009765625,2924.35009765625,GOOGL
2021-10-26,2785.27001953125,2801.659912109375,2766.090087890625,2786.169921875,GOOGL
2021-10-25,2751,2760,2708.47998046875,2748.93994140625,GOOGL
2021-10-22,2783,2811.659912109375,2721.1201171875,2751.330078125,GOOGL
2021-10-21,2835.3798828125,2843.1201171875,2810,2837.719970703125,GOOGL
2021-10-20,2866.760009765625,2870.919921875,2827.530029296875,2835.3798828125,GOOGL
2021-10-19,2867.75,2873.25,2852,2864.739990234375,GOOGL
2021-10-18,2821.530029296875,2855.919921875,2821.389892578125,2855.56005859375,GOOGL
2021-10-15,2832.2900390625,2834.360107421875,2815.10009765625,2827.360107421875,GOOGL
2021-10-14,2789.47998046875,2826.75,2776.5,2823.02001953125,GOOGL
2021-10-13,2748.050048828125,2760,2730.3798828125,2751.639892578125,GOOGL
2021-10-12,2789.60009765625,2790.139892578125,2715.199951171875,2728.97998046875,GOOGL
2021-10-11,2785.840087890625,2814.239990234375,2777.179931640625,2778.280029296875,GOOGL
2021-10-08,2791.5400390625,2806.6201171875,2784.35009765625,2795.7099609375,GOOGL
2021-10-07,2777.840087890625,2800.840087890625,2773.02001953125,2784.5,GOOGL
2021-10-06,2695,2755,2691,2751.300048828125,GOOGL
2021-10-05,2680.820068359375,2744.489990234375,2680.820068359375,2720.4599609375,GOOGL
2021-10-04,2719.2099609375,2719.2099609375,2621,2673.18994140625,GOOGL
2021-10-01,2688.949951171875,2738.2099609375,2681.4599609375,2730.860107421875,GOOGL
2021-09-30,2685.22998046875,2710.85009765625,2671.1201171875,2673.52001953125,GOOGL
2021-09-29,2739.60009765625,2743.02001953125,2677.300048828125,2687.070068359375,GOOGL
2021-09-28,2773.10009765625,2781.929931640625,2707.199951171875,2716.60009765625,GOOGL
2021-09-27,2816.090087890625,2838.77001953125,2801.35009765625,2821.43994140625,GOOGL
2021-09-24,2810.77001953125,2846.610107421875,2804.820068359375,2844.300048828125,GOOGL
2021-09-23,2819.75,2833.929931640625,2808.030029296875,2824.320068359375,GOOGL
2021-09-22,2786.080078125,2817.739990234375,2771.030029296875,2805.669921875,GOOGL
2021-09-21,2794.989990234375,2800.22998046875,2765.56005859375,2780.659912109375,GOOGL
2021-09-20,2763.22998046875,2780,2726.43994140625,2774.389892578125,GOOGL
2021-09-17,2860.610107421875,2869,2809.39990234375,2816,GOOGL
2021-09-16,2879.010009765625,2886,2848.030029296875,2872.199951171875,GOOGL
2021-09-15,2855.429931640625,2889.010009765625,2826.949951171875,2888.590087890625,GOOGL
2021-09-14,2859.909912109375,2867.260009765625,2835,2850.889892578125,GOOGL
2021-09-13,2838.989990234375,2859,2825,2846.64990234375,GOOGL
2021-09-10,2884.25,2894.3701171875,2814.760009765625,2817.52001953125,GOOGL
2021-09-09,2876.81005859375,2886.2099609375,2863.550048828125,2870.820068359375,GOOGL
2021-09-08,2882,2888,2860,2873.820068359375,GOOGL
2021-09-07,2876.68994140625,2891.300048828125,2872.3798828125,2885.610107421875,GOOGL
2021-09-03,2861.610107421875,2883.10009765625,2848.010009765625,2874.7900390625,GOOGL
2021-09-02,2904.320068359375,2910.389892578125,2863.699951171875,2865.739990234375,GOOGL
2021-09-01,2900,2925.080078125,2897.669921875,2904.31005859375,GOOGL
2021-08-31,2902.93994140625,2903.429931640625,2885.6201171875,2893.949951171875,GOOGL
2021-08-30,2888,2919.409912109375,2883.260009765625,2891.81005859375,GOOGL
2021-08-27,2833.050048828125,2890.25,2829.93994140625,2880.080078125,GOOGL
2021-08-26,2835,2848.35009765625,2827.139892578125,2828.81005859375,GOOGL
2021-08-25,2832.5,2843.7900390625,2827.52001953125,2841.580078125,GOOGL
2021-08-24,2812.22998046875,2841.60009765625,2806.77001953125,2825.22998046875,GOOGL
2021-08-23,2759.389892578125,2817.489990234375,2752.14990234375,2800.830078125,GOOGL
2021-08-20,2720,2751.080078125,2705,2748.590087890625,GOOGL
2021-08-19,2688.7099609375,2727.050048828125,2685,2713.60009765625,GOOGL
2021-08-18,2730,2742.090087890625,2706.429931640625,2708.97998046875,GOOGL
2021-08-17,2755,2765.31005859375,2721.639892578125,2733.22998046875,GOOGL
2021-08-16,2750.5,2767.25,2705.97998046875,2766.18994140625,GOOGL
2021-08-13,2745,2757.1298828125,2740.659912109375,2754.550048828125,GOOGL
2021-08-12,2719.510009765625,2746,2708.510009765625,2743.8798828125,GOOGL
2021-08-11,2743.6298828125,2753.64990234375,2725.429931640625,2725.580078125,GOOGL
2021-08-10,2746.840087890625,2755.449951171875,2727.2900390625,2736.139892578125,GOOGL
2021-08-09,2718.85009765625,2743.679931640625,2706.7900390625,2738.260009765625,GOOGL
2021-08-06,2720.840087890625,2729.449951171875,2704.199951171875,2714.77001953125,GOOGL
2021-08-05,2713.610107421875,2727,2696.919921875,2725.030029296875,GOOGL
2021-08-04,2706.989990234375,2712.989990234375,2689.739990234375,2702.510009765625,GOOGL
2021-08-03,2702.699951171875,2714.639892578125,2666.389892578125,2712.60009765625,GOOGL
2021-08-02,2702.340087890625,2706.72998046875,2675.8798828125,2697.090087890625,GOOGL
2021-07-30,2700.699951171875,2706.090087890625,2685.10009765625,2694.530029296875,GOOGL
2021-07-29,2723,2733.219970703125,2710.860107421875,2715.550048828125,GOOGL
2021-07-28,2726.239990234375,2765.93994140625,2705.550048828125,2721.8798828125,GOOGL
2021-07-27,2685.010009765625,2687.97998046875,2602.080078125,2638,GOOGL
2021-07-26,2666.570068359375,2684.739990234375,2646.030029296875,2680.699951171875,GOOGL
2021-07-23,2608.610107421875,2667.97998046875,2596.010009765625,2660.300048828125,GOOGL
2021-07-22,2556.8798828125,2569.659912109375,2549.97998046875,2568.429931640625,GOOGL
2021-07-21,2522.669921875,2551.919921875,2520.469970703125,2550.97998046875,GOOGL
2021-07-20,2510.550048828125,2540.860107421875,2487.010009765625,2524.18994140625,GOOGL
2021-07-19,2521.7900390625,2524.10009765625,2470.10009765625,2491.56005859375,GOOGL
2021-07-16,2553.260009765625,2556.22998046875,2523.070068359375,2539.39990234375,GOOGL
2021-07-15,2572.97998046875,2574,2530.60009765625,2540.10009765625,GOOGL
2021-07-14,2559.159912109375,2586.530029296875,2558.2900390625,2564.739990234375,GOOGL
2021-07-13,2540.77001953125,2561.14990234375,2533.489990234375,2546.830078125,GOOGL
2021-07-12,2523.56005859375,2541.389892578125,2512.219970703125,2539.510009765625,GOOGL
2021-07-09,2500.5,2514.68994140625,2491.030029296875,2510.3701171875,GOOGL
2021-07-08,2480.52001953125,2511.909912109375,2480.43994140625,2500.8798828125,GOOGL
2021-07-07,2543.239990234375,2545.679931640625,2523.06005859375,2529.47998046875,GOOGL
2021-07-06,2512.969970703125,2528.56005859375,2491.64990234375,2523.800048828125,GOOGL
2021-07-02,2463,2508.080078125,2461.18994140625,2505.14990234375,GOOGL
2021-07-01,2434.5,2451.739990234375,2430.6298828125,2448.889892578125,GOOGL
2021-06-30,2439.889892578125,2445.139892578125,2427.090087890625,2441.7900390625,GOOGL
2021-06-29,2453.409912109375,2460.419921875,2433.820068359375,2445.449951171875,GOOGL
2021-06-28,2453.570068359375,2455.699951171875,2428.110107421875,2450.719970703125,GOOGL
2021-06-25,2440,2452.659912109375,2431.300048828125,2450.169921875,GOOGL
2021-06-24,2454,2461.110107421875,2446,2450,GOOGL
2021-06-23,2441.8701171875,2461.909912109375,2436.68994140625,2442.5400390625,GOOGL
2021-06-22,2435,2448,2421.280029296875,2446.610107421875,GOOGL
2021-06-21,2410.010009765625,2440,2397.969970703125,2436.25,GOOGL
2021-06-18,2427.340087890625,2432.06005859375,2400.300048828125,2402.219970703125,GOOGL
2021-06-17,2413.949951171875,2450.449951171875,2410,2434.8701171875,GOOGL
2021-06-16,2431.43994140625,2437.719970703125,2389.39990234375,2415.449951171875,GOOGL
2021-06-15,2449,2455.510009765625,2421.1201171875,2428.389892578125,GOOGL
2021-06-14,2432.260009765625,2448.919921875,2418,2448.909912109375,GOOGL
2021-06-11,2440,2441.719970703125,2418.9599609375,2430.199951171875,GOOGL
2021-06-10,2406.919921875,2436,2403.780029296875,2435.1298828125,GOOGL
2021-06-09,2411.429931640625,2412.8798828125,2396.89990234375,2407.93994140625,GOOGL
2021-06-08,2412.010009765625,2419.52001953125,2394.780029296875,2398.43994140625,GOOGL
2021-06-07,2389.43994140625,2404.510009765625,2381,2402.300048828125,GOOGL
2021-06-04,2369.27001953125,2399.030029296875,2362.409912109375,2393.570068359375,GOOGL
2021-06-03,2345.72998046875,2357.02001953125,2329.52001953125,2347.580078125,GOOGL
2021-06-02,2389.14990234375,2393.639892578125,2352.360107421875,2370.590087890625,GOOGL
2021-06-01,2374.43994140625,2385.7099609375,2354.280029296875,2381.179931640625,GOOGL
2021-05-28,2374.419921875,2376.070068359375,2352.85009765625,2356.85009765625,GOOGL
2021-05-27,2389.050048828125,2389.050048828125,2356.260009765625,2362.679931640625,GOOGL
2021-05-26,2366.52001953125,2388.989990234375,2366.4599609375,2380.31005859375,GOOGL
2021-05-25,2372,2384,2355,2362.8701171875,GOOGL
2021-05-24,2314.889892578125,2365.550048828125,2311.9599609375,2361.0400390625,GOOGL
2021-05-21,2317.409912109375,2318.889892578125,2289.300048828125,2294.1298828125,GOOGL
2021-05-20,2291,2312,2283.52001953125,2306.949951171875,GOOGL
2021-05-19,2228.429931640625,2274.989990234375,2225.43994140625,2271.5,GOOGL
2021-05-18,2302.35009765625,2307.679931640625,2262.18994140625,2262.469970703125,GOOGL
2021-05-17,2263.570068359375,2289.780029296875,2255.510009765625,2288.919921875,GOOGL
2021-05-14,2258.5400390625,2284.719970703125,2250,2278.3798828125,GOOGL
2021-05-13,2226.1201171875,2239.43994140625,2206.719970703125,2229.0400390625,GOOGL
2021-05-12,2226.18994140625,2247.97998046875,2193.6201171875,2200.25,GOOGL
2021-05-11,2243.070068359375,2280.280029296875,2233.919921875,2270.06005859375,GOOGL
2021-05-10,2328.139892578125,2331,2284.5400390625,2291.75,GOOGL
2021-05-07,2363.889892578125,2371.25,2346.159912109375,2351.929931640625,GOOGL
2021-05-06,2306.330078125,2337.35009765625,2293.0400390625,2337.35009765625,GOOGL
2021-05-05,2328.6298828125,2335,2308.280029296875,2314.77001953125,GOOGL
2021-05-04,2313.550048828125,2324.989990234375,2256.679931640625,2306.830078125,GOOGL
2021-05-03,2364.909912109375,2381.550048828125,2335.5,2343.080078125,GOOGL
2021-04-30,2368.02001953125,2381.85009765625,2346.56005859375,2353.5,GOOGL
2021-04-29,2389.22998046875,2404.159912109375,2373.85009765625,2392.760009765625,GOOGL
2021-04-28,2392.5,2431.3798828125,2353.219970703125,2359.0400390625,GOOGL
2021-04-27,2317.6298828125,2318.449951171875,2286.159912109375,2290.97998046875,GOOGL
2021-04-26,2304.52001953125,2324.530029296875,2297.320068359375,2309.929931640625,GOOGL
2021-04-23,2267,2306.1201171875,2261.25,2299.929931640625,GOOGL
2021-04-22,2275.39990234375,2288.8798828125,2240.320068359375,2252.52001953125,GOOGL
2021-04-21,2272.050048828125,2280,2244.820068359375,2278.35009765625,GOOGL
2021-04-20,2297.489990234375,2299,2257.1201171875,2279.010009765625,GOOGL
2021-04-19,2270.179931640625,2304.090087890625,2270.179931640625,2289.760009765625,GOOGL
2021-04-16,2289.239990234375,2294.239990234375,2270.919921875,2282.75,GOOGL
2021-04-15,2261.949951171875,2296,2251.169921875,2285.25,GOOGL
2021-04-14,2267.429931640625,2267.429931640625,2236.02001953125,2241.909912109375,GOOGL
2022-04-13,211.82000732421875,216.61000061035156,211.3300018310547,214.99000549316406,FB
2022-04-12,220.24000549316406,222.02999877929688,213.1300048828125,214.13999938964844,FB
2022-04-11,218.4199981689453,220.61000061035156,215.22000122070312,216.4600067138672,FB
2022-04-08,222.3800048828125,225.1300048828125,220.02999877929688,222.3300018310547,FB
2022-04-07,223.92999267578125,225.52000427246094,218.55999755859375,222.9499969482422,FB
2022-04-06,226.91000366210938,228.99000549316406,221.41000366210938,223.3000030517578,FB
2022-04-05,234.0800018310547,236.86000061035156,231.02000427246094,231.83999633789062,FB
2022-04-04,225.97999572753906,234.35000610351562,225.86000061035156,233.88999938964844,FB
2022-04-01,224.5500030517578,227.27999877929688,222.6999969482422,224.85000610351562,FB
2022-03-31,228.4499969482422,228.49000549316406,222.25999450683594,222.36000061035156,FB
2022-03-30,228.91000366210938,231.14999389648438,226.7100067138672,227.85000610351562,FB
2022-03-29,226.07000732421875,230.88999938964844,225.2899932861328,229.86000061035156,FB
2022-03-28,222.1300048828125,224.0399932861328,219.5399932861328,223.58999633789062,FB
2022-03-25,220.50999450683594,225.5,218.88999938964844,221.82000732421875,FB
2022-03-24,215,220.6699981689453,214.7899932861328,219.57000732421875,FB
2022-03-23,213.3300018310547,216.8000030517578,212.16000366210938,213.4600067138672,FB
2022-03-22,211.3699951171875,219.4600067138672,210.17999267578125,216.64999389648438,FB
2022-03-21,214.5,214.7100067138672,207.6300048828125,211.49000549316406,FB
2022-03-18,206.6999969482422,216.8000030517578,206,216.49000549316406,FB
2022-03-17,201.6999969482422,208.0399932861328,201.11000061035156,207.83999633789062,FB
2022-03-16,194.6999969482422,203.72999572753906,194.52000427246094,203.6300048828125,FB
2022-03-15,190.8000030517578,192.27999877929688,185.91000366210938,192.02999877929688,FB
2022-03-14,187.02999877929688,192.2899932861328,185.82000732421875,186.6300048828125,FB
2022-03-11,192.63999938964844,193.55999755859375,186.6699981689453,187.61000061035156,FB
2022-03-10,194.83999633789062,196.27999877929688,191.07000732421875,195.2100067138672,FB
2022-03-09,195.74000549316406,199.10000610351562,193.9199981689453,198.5,FB
2022-03-08,187.85000610351562,196.6999969482422,186.11000061035156,190.2899932861328,FB
2022-03-07,200.7899932861328,200.88999938964844,187.27999877929688,187.47000122070312,FB
2022-03-04,202.3699951171875,205.88999938964844,198.7899932861328,200.05999755859375,FB
2022-03-03,209.02000427246094,209.0800018310547,201.4199981689453,202.97000122070312,FB
2022-03-02,204.77999877929688,209.14999389648438,202.02000427246094,208.11000061035156,FB
2022-03-01,209.8699951171875,211.75,202.22000122070312,203.49000549316406,FB
2022-02-28,207.67999267578125,213.14999389648438,206.8300018310547,211.02999877929688,FB
2022-02-25,204.94000244140625,211.32000732421875,203.17999267578125,210.47999572753906,FB
2022-02-24,191.05999755859375,208.35000610351562,190.22000122070312,207.60000610351562,FB
2022-02-23,204.16000366210938,206.94000244140625,198.0500030517578,198.4499969482422,FB
2022-02-22,202.33999633789062,207.47999572753906,200.05999755859375,202.0800018310547,FB
2022-02-18,209.38999938964844,210.75,205.17999267578125,206.16000366210938,FB
2022-02-17,214.02000427246094,217.5,207.16000366210938,207.7100067138672,FB
2022-02-16,212.41000366210938,217.4600067138672,212.36000061035156,216.5399932861328,FB
2022-02-15,220.47000122070312,221.14999389648438,215.05999755859375,221,FB
2022-02-14,219.30999755859375,221,214.77999877929688,217.6999969482422,FB
2022-02-11,228.4600067138672,230.4199981689453,218.77000427246094,219.5500030517578,FB
2022-02-10,228.27000427246094,235,226.6999969482422,228.07000732421875,FB
2022-02-09,224.1999969482422,233.3699951171875,222.2100067138672,232,FB
2022-02-08,220.85000610351562,225.77000427246094,216.14999389648438,220.17999267578125,FB
2022-02-07,237.6999969482422,238.3000030517578,224.00999450683594,224.91000366210938,FB
2022-02-04,234.97000122070312,242.61000061035156,230.11000061035156,237.08999633789062,FB
2022-02-03,244.64999389648438,248,235.75,237.75999450683594,FB
2022-02-02,327.82000732421875,328,316.8699951171875,323,FB
2022-02-01,314.55999755859375,319.6600036621094,312.1199951171875,319,FB
2022-01-31,300.67999267578125,313.7900085449219,299.32000732421875,313.260009765625,FB
2022-01-28,295.6199951171875,301.8999938964844,293.0299987792969,301.7099914550781,FB
2022-01-27,297.75,301.7099914550781,294.260009765625,294.6400146484375,FB
2022-01-26,307.010009765625,307.510009765625,290.8500061035156,294.6300048828125,FB
2022-01-25,299.95001220703125,306.2300109863281,297.5799865722656,300.1499938964844,FB
2022-01-24,297.8399963378906,309.5299987792969,289.010009765625,308.7099914550781,FB
2022-01-21,314.80999755859375,318.30999755859375,303.0400085449219,303.1700134277344,FB
2022-01-20,323.8999938964844,327.82000732421875,315.9800109863281,316.55999755859375,FB
2022-01-19,319.5799865722656,327.1000061035156,319.3299865722656,319.5899963378906,FB
2022-01-18,323.2900085449219,324.2099914550781,317.6400146484375,318.1499938964844,FB
2022-01-14,321.7900085449219,332.7300109863281,321.2099914550781,331.8999938964844,FB
2022-01-13,334.9800109863281,335.6300048828125,325.760009765625,326.4800109863281,FB
2022-01-12,335.17999267578125,336.3699951171875,330.0299987792969,333.260009765625,FB
2022-01-11,326.7799987792969,334.6300048828125,325.2799987792969,334.3699951171875,FB
2022-01-10,325.30999755859375,328.3399963378906,315.42999267578125,328.07000732421875,FB
2022-01-07,332.739990234375,337,328.8800048828125,331.7900085449219,FB
2022-01-06,322.82000732421875,339.1700134277344,322.7200012207031,332.4599914550781,FB
2022-01-05,333.0199890136719,335.760009765625,323.8399963378906,324.1700134277344,FB
2022-01-04,339.95001220703125,343.0899963378906,331.8699951171875,336.5299987792969,FB
2022-01-03,338.29998779296875,341.0799865722656,337.19000244140625,338.5400085449219,FB
2021-12-31,343.0199890136719,343.44000244140625,336.2699890136719,336.3500061035156,FB
2021-12-30,344,347.2300109863281,343.2200012207031,344.3599853515625,FB
2021-12-29,346.9100036621094,349.69000244140625,341.6400146484375,342.94000244140625,FB
2021-12-28,346.6300048828125,352.7099914550781,345.20001220703125,346.2200012207031,FB
2021-12-27,338.8500061035156,347.8699951171875,338.010009765625,346.17999267578125,FB
2021-12-23,330.1000061035156,336.6700134277344,328.3599853515625,335.239990234375,FB
2021-12-22,333.79998779296875,334.510009765625,328.260009765625,330.45001220703125,FB
2021-12-21,326.4100036621094,336,323.75,334.20001220703125,FB
2021-12-20,329.7799987792969,329.8999938964844,322.5299987792969,325.45001220703125,FB
2021-12-17,332.79998779296875,337.1099853515625,330.75,333.7900085449219,FB
2021-12-16,338.9800109863281,344.4599914550781,333.739990234375,334.8999938964844,FB
2021-12-15,332.489990234375,342.1099853515625,323.9800109863281,341.6600036621094,FB
2021-12-14,328.04998779296875,335.70001220703125,327.6499938964844,333.739990234375,FB
2021-12-13,330.95001220703125,341.0899963378906,329.5899963378906,334.489990234375,FB
2021-12-10,332.55999755859375,335.0299987792969,326.3699951171875,329.75,FB
2021-12-09,329.5400085449219,336.1300048828125,328,329.82000732421875,FB
2021-12-08,325,332.75,323.07000732421875,330.55999755859375,FB
2021-12-07,321.57000732421875,326.5400085449219,321,322.80999755859375,FB
2021-12-06,308.1300048828125,320.1000061035156,306.3399963378906,317.8699951171875,FB
2021-12-03,313.7300109863281,313.75,299.5,306.8399963378906,FB
2021-12-02,311.3999938964844,314.6000061035156,307.20001220703125,310.3900146484375,FB
2021-12-01,330.2900085449219,330.5,310.2900085449219,310.6000061035156,FB
2021-11-30,335,335.80999755859375,323.42999267578125,324.4599914550781,FB
2021-11-29,336.8900146484375,340.6700134277344,335.30999755859375,338.0299987792969,FB
2021-11-26,335.79998779296875,337.75,331.8999938964844,333.1199951171875,FB
2021-11-24,336,341.7799987792969,332.80999755859375,341.05999755859375,FB
2021-11-23,338.92999267578125,341.3999938964844,333.5,337.25,FB
2021-11-22,349.04998779296875,353.8299865722656,340.510009765625,341.010009765625,FB
2021-11-19,342.20001220703125,352.1000061035156,339.8999938964844,345.29998779296875,FB
2021-11-18,339.7200012207031,342.4599914550781,335.29998779296875,338.69000244140625,FB
2021-11-17,344.239990234375,347.29998779296875,340.1000061035156,340.7699890136719,FB
2021-11-16,343.8299865722656,346.6499938964844,340.8699951171875,342.9599914550781,FB
2021-11-15,344.3399963378906,353.6499938964844,343.20001220703125,347.55999755859375,FB
2021-11-12,330.17999267578125,341.8599853515625,329.7799987792969,340.8900146484375,FB
2021-11-11,329.82000732421875,332.4599914550781,327,327.739990234375,FB
2021-11-10,332.489990234375,333.19000244140625,325.510009765625,327.6400146484375,FB
2021-11-09,340,341.30999755859375,334.4700012207031,335.3699951171875,FB
2021-11-08,344.4200134277344,344.7900085449219,338.3399963378906,338.6199951171875,FB
2021-11-05,340.30999755859375,346.7900085449219,339.6400146484375,341.1300048828125,FB
2021-11-04,334.010009765625,337.2699890136719,332.6499938964844,335.8500061035156,FB
2021-11-03,327.489990234375,332.1499938964844,323.20001220703125,331.6199951171875,FB
2021-11-02,331.3800048828125,334.7900085449219,323.79998779296875,328.0799865722656,FB
2021-11-01,326.0400085449219,333.45001220703125,326,329.9800109863281,FB
2021-10-29,320.19000244140625,326,319.6000061035156,323.57000732421875,FB
2021-10-28,312.989990234375,325.5199890136719,308.1099853515625,316.9200134277344,FB
2021-10-27,314.19000244140625,319.25,312.05999755859375,312.2200012207031,FB
2021-10-26,328.260009765625,330.2099914550781,309.6000061035156,315.80999755859375,FB
2021-10-25,320.29998779296875,329.55999755859375,319.7200012207031,328.69000244140625,FB
2021-10-22,326.3500061035156,329.6300048828125,321.1099853515625,324.6099853515625,FB
2021-10-21,340.2799987792969,342.30999755859375,337.79998779296875,341.8800048828125,FB
2021-10-20,343.45001220703125,343.9800109863281,339.45001220703125,340.7799987792969,FB
2021-10-19,339.6499938964844,342.4599914550781,337.2799987792969,339.989990234375,FB
2021-10-18,328.95001220703125,335.8900146484375,327.5,335.3399963378906,FB
2021-10-15,328.67999267578125,329.07000732421875,322.510009765625,324.760009765625,FB
2021-10-14,328.3599853515625,330.5199890136719,327.1000061035156,328.5299987792969,FB
2021-10-13,326.9700012207031,327,322.6600036621094,324.5400085449219,FB
2021-10-12,323.0299987792969,324.3800048828125,317.3699951171875,323.7699890136719,FB
2021-10-11,327.6300048828125,330.4599914550781,325.30999755859375,325.45001220703125,FB
2021-10-08,331.510009765625,333.3999938964844,328.7099914550781,330.04998779296875,FB
2021-10-07,337,338.8399963378906,328.9800109863281,329.2200012207031,FB
2021-10-06,329.739990234375,334.3800048828125,325.79998779296875,333.6400146484375,FB
2021-10-05,328.5799865722656,335.17999267578125,326.1600036621094,332.9599914550781,FB
2021-10-04,335.5299987792969,335.94000244140625,322.70001220703125,326.2300109863281,FB
2021-10-01,341.6099853515625,345.0199890136719,338.6400146484375,343.010009765625,FB
2021-09-30,340.45001220703125,342.79998779296875,338.1499938964844,339.3900146484375,FB
2021-09-29,343.1499938964844,345.2300109863281,338.8800048828125,339.6099853515625,FB
2021-09-28,347.9700012207031,349.6000061035156,338.9200134277344,340.6499938964844,FB
2021-09-27,349.80999755859375,355.1499938964844,347.0799865722656,353.5799865722656,FB
2021-09-24,343.239990234375,354.3500061035156,342.3699951171875,352.9599914550781,FB
2021-09-23,345.3599853515625,349.6700134277344,343,345.9599914550781,FB
2021-09-22,347.2300109863281,349.8399963378906,340.69000244140625,343.2099914550781,FB
2021-09-21,358.5,360.0400085449219,355.19000244140625,357.4800109863281,FB
2021-09-20,359.29998779296875,361.0299987792969,349.79998779296875,355.70001220703125,FB
2021-09-17,371.4100036621094,371.4100036621094,361.5899963378906,364.7200012207031,FB
2021-09-16,372.7900085449219,373.55999755859375,369.7099914550781,373.05999755859375,FB
2021-09-15,377,377.55999755859375,367.6700134277344,373.9200134277344,FB
2021-09-14,377.3999938964844,378.5899963378906,375.1099853515625,376.5299987792969,FB
2021-09-13,381.67999267578125,381.75,374.3500061035156,376.510009765625,FB
2021-09-10,381.3599853515625,383.7900085449219,378.260009765625,378.69000244140625,FB
2021-09-09,377.6400146484375,379.8299865722656,376.57000732421875,378,FB
2021-09-08,380.1600036621094,380.8699951171875,374.7900085449219,377.57000732421875,FB
2021-09-07,375.8800048828125,382.9599914550781,373.1499938964844,382.17999267578125,FB
2021-09-03,374.75,377.1600036621094,373.1099853515625,376.260009765625,FB
2021-09-02,381.5,381.75,374.05999755859375,375.2799987792969,FB
2021-09-01,379.5899963378906,384.3299865722656,378.80999755859375,382.04998779296875,FB
2021-08-31,379.95001220703125,382.760009765625,378.79998779296875,379.3800048828125,FB
2021-08-30,372.55999755859375,381.489990234375,370.5199890136719,380.6600036621094,FB
2021-08-27,365.1000061035156,373.739990234375,364.0799865722656,372.6300048828125,FB
2021-08-26,368.3800048828125,369.44000244140625,364.1300048828125,364.3800048828125,FB
2021-08-25,365.6000061035156,370.8599853515625,365.3999938964844,368.3900146484375,FB
2021-08-24,363.6600036621094,367.9599914550781,361.8399963378906,365.510009765625,FB
2021-08-23,359.44000244140625,365.69000244140625,359.1000061035156,363.3500061035156,FB
2021-08-20,354.6000061035156,359.989990234375,353.30999755859375,359.3699951171875,FB
2021-08-19,351.3500061035156,357.57000732421875,351,355.1199951171875,FB
2021-08-18,356.25,359.8599853515625,355.1499938964844,355.45001220703125,FB
2021-08-17,362.9800109863281,364.6700134277344,355.07000732421875,358.45001220703125,FB
2021-08-16,362.5199890136719,366.95001220703125,357.3800048828125,366.55999755859375,FB
2021-08-13,362.9700012207031,364.6600036621094,361.4800109863281,363.17999267578125,FB
2021-08-12,358.45001220703125,363,357.1099853515625,362.6499938964844,FB
2021-08-11,362.1000061035156,362.3599853515625,357.80999755859375,359.9599914550781,FB
2021-08-10,361.8299865722656,364.1000061035156,359.0400085449219,361.1300048828125,FB
2021-08-09,363.760009765625,365.7799987792969,360.75,361.6099853515625,FB
2021-08-06,361.3999938964844,365.1499938964844,361.3999938964844,363.510009765625,FB
2021-08-05,359.6400146484375,363.8999938964844,356.8999938964844,362.9700012207031,FB
2021-08-04,352.4200134277344,360.4800109863281,351.510009765625,358.9200134277344,FB
2021-08-03,352.7300109863281,353.7699890136719,347.70001220703125,351.239990234375,FB
2021-08-02,358.1000061035156,359.3999938964844,350.739990234375,351.95001220703125,FB
2021-07-30,354,360.7300109863281,352.94000244140625,356.29998779296875,FB
2021-07-29,361,365.5199890136719,356.739990234375,358.32000732421875,FB
2021-07-28,374.55999755859375,377.54998779296875,366.92999267578125,373.2799987792969,FB
2021-07-27,371.9100036621094,373.1499938964844,364.54998779296875,367.80999755859375,FB
2021-07-26,369.5799865722656,374.44000244140625,368.2200012207031,372.4599914550781,FB
2021-07-23,360.9100036621094,375.3299865722656,357.19000244140625,369.7900085449219,FB
2021-07-22,346.67999267578125,351.5400085449219,345.2099914550781,351.19000244140625,FB
2021-07-21,341.5,346.5199890136719,341.25,346.2300109863281,FB
2021-07-20,338.79998779296875,343.45001220703125,334.5,341.6600036621094,FB
2021-07-19,337.57000732421875,339.7900085449219,334.5400085449219,336.95001220703125,FB
2021-07-16,344.9100036621094,345.989990234375,340.1400146484375,341.1600036621094,FB
2021-07-15,349.2300109863281,349.2300109863281,340.2200012207031,344.4599914550781,FB
2021-07-14,354.55999755859375,355.20001220703125,346.7300109863281,347.6300048828125,FB
2021-07-13,351.5,358.489990234375,348.79998779296875,352.0899963378906,FB
2021-07-12,351.2300109863281,354.19000244140625,349.6400146484375,353.1600036621094,FB
2021-07-09,345.32000732421875,350.7099914550781,345.2699890136719,350.4200134277344,FB
2021-07-08,345.7300109863281,348.3299865722656,342.55999755859375,345.6499938964844,FB
2021-07-07,355.260009765625,356.489990234375,350,350.489990234375,FB
2021-07-06,356.5,358.7900085449219,349.17999267578125,352.7799987792969,FB
2021-07-02,355.1000061035156,356.44000244140625,352.6199951171875,354.70001220703125,FB
2021-07-01,346.82000732421875,354.6700134277344,346.5,354.3900146484375,FB
2021-06-30,352.1700134277344,352.9200134277344,347.1700134277344,347.7099914550781,FB
2021-06-29,356.2699890136719,356.739990234375,349.04998779296875,351.8900146484375,FB
2021-06-28,342.4599914550781,358.1400146484375,341.7699890136719,355.6400146484375,FB
2021-06-25,342.5899963378906,344.1199951171875,339.67999267578125,341.3699951171875,FB
2021-06-24,341.8500061035156,344.8999938964844,341.7900085449219,343.17999267578125,FB
2021-06-23,339.3500061035156,343.4200134277344,338.20001220703125,340.5899963378906,FB
2021-06-22,332.69000244140625,339.9200134277344,332.6000061035156,339.0299987792969,FB
2021-06-21,331.0899963378906,332.9200134277344,327.6499938964844,332.2900085449219,FB
2021-06-18,334.5299987792969,336.1499938964844,329,329.6600036621094,FB
2021-06-17,330.489990234375,337.9800109863281,330.1499938964844,336.510009765625,FB
2021-06-16,336.70001220703125,337.54998779296875,328.7200012207031,331.0799865722656,FB
2021-06-15,336.989990234375,339.9200134277344,335.0299987792969,336.75,FB
2021-06-14,331.8999938964844,336.82000732421875,329.80999755859375,336.7699890136719,FB
2021-06-11,332.5799865722656,332.8299865722656,328.92999267578125,331.260009765625,FB
2021-06-10,330.7900085449219,333.94000244140625,328.54998779296875,332.4599914550781,FB
2021-06-09,335.739990234375,336.79998779296875,330,330.25,FB
2021-06-08,336.70001220703125,338.29998779296875,332.239990234375,333.67999267578125,FB
2021-06-07,329.4800109863281,337.69000244140625,328.92999267578125,336.5799865722656,FB
2021-06-04,325.8999938964844,332.4599914550781,325.17999267578125,330.3500061035156,FB
2021-06-03,325.7799987792969,327.3800048828125,323.4800109863281,326.0400085449219,FB
2021-06-02,330.3800048828125,331.8699951171875,327.1199951171875,329.1499938964844,FB
2021-06-01,330.1499938964844,331.4200134277344,326.6400146484375,329.1300048828125,FB
2021-05-28,331,332.8699951171875,328.3299865722656,328.7300109863281,FB
2021-05-27,328,333.7799987792969,326.760009765625,332.75,FB
2021-05-26,328.3500061035156,329.8299865722656,325.82000732421875,327.6600036621094,FB
2021-05-25,327.0799865722656,329.17999267578125,324.79998779296875,327.7900085449219,FB
2021-05-24,318.2099914550781,325.95001220703125,318.0299987792969,324.6300048828125,FB
2021-05-21,319.2900085449219,319.92999267578125,315.80999755859375,316.2300109863281,FB
2021-05-20,313.5799865722656,319.25,313.1600036621094,318.6099853515625,FB
2021-05-19,304.19000244140625,314.6600036621094,303.57000732421875,313.5899963378906,FB
2021-05-18,315.5899963378906,316.5,309.80999755859375,309.9599914550781,FB
2021-05-17,313.54998779296875,315.67999267578125,311.5799865722656,315.4599914550781,FB
2021-05-14,309.5400085449219,316.8500061035156,309.0799865722656,315.94000244140625,FB
2021-05-13,306.0799865722656,308.8599853515625,302.7699890136719,305.260009765625,FB
2021-05-12,301.1300048828125,304.9599914550781,298.19000244140625,302.54998779296875,FB
2021-05-11,300.75,306.8399963378906,299.69000244140625,306.5299987792969,FB
2021-05-10,314.3500061035156,314.5799865722656,304.8299865722656,305.9700012207031,FB
2021-05-07,322.3800048828125,322.94000244140625,318.75,319.0799865722656,FB
2021-05-06,314.5199890136719,320.239990234375,313.2699890136719,320.0199890136719,FB
2021-05-05,318.19000244140625,321.05999755859375,314.489990234375,315.0199890136719,FB
2021-05-04,320.0199890136719,322.19000244140625,313.1199951171875,318.3599853515625,FB
2021-05-03,326.1700134277344,328.54998779296875,321.8399963378906,322.5799865722656,FB
2021-04-30,326.1400146484375,329.82000732421875,324.5,325.0799865722656,FB
2021-04-29,330.1199951171875,331.80999755859375,321.6099853515625,329.510009765625,FB
2021-04-28,307.3599853515625,310.9200134277344,305.3699951171875,307.1000061035156,FB
2021-04-27,304.2799987792969,305.3399963378906,301.1099853515625,303.57000732421875,FB
2021-04-26,303.3399963378906,305.79998779296875,301.55999755859375,303.0400085449219,FB
2021-04-23,298.760009765625,302.5899963378906,297.1499938964844,301.1300048828125,FB
2021-04-22,301.3299865722656,302.9200134277344,296.0400085449219,296.5199890136719,FB
2021-04-21,301.95001220703125,301.9800109863281,297.3900146484375,301.4700012207031,FB
2021-04-20,301.989990234375,305.1000061035156,297.2099914550781,302.6499938964844,FB
2021-04-19,305.010009765625,307.70001220703125,300.55999755859375,302.239990234375,FB
2021-04-16,308.1700134277344,308.95001220703125,304.6099853515625,306.17999267578125,FB
2021-04-15,306.3399963378906,310.1400146484375,304.1000061035156,307.82000732421875,FB
2021-04-14,307.29998779296875,308.0299987792969,301.95001220703125,302.82000732421875,FB
2022-04-13,3000.3701171875,3120.5,2992,3110.820068359375,AMZN
2022-04-12,3073.85009765625,3101.97998046875,3007.659912109375,3015.75,AMZN
2022-04-11,3054.260009765625,3082.72998046875,3010.68994140625,3022.43994140625,AMZN
2022-04-08,3135,3147.3701171875,3084.6201171875,3089.2099609375,AMZN
2022-04-07,3168,3201.580078125,3090.22998046875,3155.68994140625,AMZN
2022-04-06,3233.010009765625,3244,3145.090087890625,3175.1201171875,AMZN
2022-04-05,3354.830078125,3362.2099609375,3265.320068359375,3281.10009765625,AMZN
2022-04-04,3282.5,3367.889892578125,3264.110107421875,3366.929931640625,AMZN
2022-04-01,3282.989990234375,3316.5400390625,3246.389892578125,3271.199951171875,AMZN
2022-03-31,3328.89990234375,3329.89990234375,3259.070068359375,3259.949951171875,AMZN
2022-03-30,3370.18994140625,3379.010009765625,3310,3326.02001953125,AMZN
2022-03-29,3407.679931640625,3416.6298828125,3357.3701171875,3386.300048828125,AMZN
2022-03-28,3299.5,3380.75,3298,3379.81005859375,AMZN
2022-03-25,3280,3307.3701171875,3245,3295.469970703125,AMZN
2022-03-24,3274.989990234375,3282.3701171875,3201,3272.989990234375,AMZN
2022-03-23,3274.10009765625,3327.39990234375,3253.739990234375,3268.159912109375,AMZN
2022-03-22,3236.110107421875,3323.340087890625,3233.97998046875,3297.780029296875,AMZN
2022-03-21,3222.419921875,3261.679931640625,3191.06005859375,3229.830078125,AMZN
2022-03-18,3136.260009765625,3231.8798828125,3120.219970703125,3225.010009765625,AMZN
2022-03-17,3052.81005859375,3149.969970703125,3042.800048828125,3144.780029296875,AMZN
2022-03-16,2970,3063,2947.070068359375,3062.080078125,AMZN
2022-03-15,2857,2959.699951171875,2840,2947.330078125,AMZN
2022-03-14,2919.6201171875,2949,2817.679931640625,2837.06005859375,AMZN
2022-03-11,2991.489990234375,2993.5,2907.3798828125,2910.489990234375,AMZN
2022-03-10,2913.699951171875,2973.489990234375,2879.56005859375,2936.35009765625,AMZN
2022-03-09,2790,2805,2736.56005859375,2785.580078125,AMZN
2022-03-08,2733.669921875,2813.989990234375,2671.449951171875,2720.2900390625,AMZN
2022-03-07,2908.8701171875,2921.889892578125,2748.330078125,2749.06005859375,AMZN
2022-03-04,2943.179931640625,2957,2876.139892578125,2912.820068359375,AMZN
2022-03-03,3070.6298828125,3078.580078125,2937.1201171875,2957.969970703125,AMZN
2022-03-02,3016.97998046875,3059.989990234375,2975,3041.050048828125,AMZN
2022-03-01,3054.64990234375,3081.97998046875,2999.5400390625,3022.840087890625,AMZN
2022-02-28,3048.5,3089,3017,3071.260009765625,AMZN
2022-02-25,3011,3079.800048828125,2984.27001953125,3075.77001953125,AMZN
2022-02-24,2796.75,3034.97998046875,2790,3027.159912109375,AMZN
2022-02-23,3033.010009765625,3035.260009765625,2893.02001953125,2896.5400390625,AMZN
2022-02-22,3009.570068359375,3059.64990234375,2969.7099609375,3003.949951171875,AMZN
2022-02-18,3109.989990234375,3109.989990234375,3017.860107421875,3052.030029296875,AMZN
2022-02-17,3162.919921875,3206.97998046875,3090,3093.050048828125,AMZN
2022-02-16,3115.81005859375,3176.679931640625,3094.68994140625,3162.010009765625,AMZN
2022-02-15,3152.110107421875,3160.139892578125,3092.75,3130.2099609375,AMZN
2022-02-14,3035.02001953125,3168.969970703125,3033,3103.340087890625,AMZN
2022-02-11,3162.68994140625,3180,3054.679931640625,3065.8701171875,AMZN
2022-02-10,3167,3214.330078125,3155,3180.070068359375,AMZN
2022-02-09,3257.469970703125,3276.68994140625,3205,3223.7900390625,AMZN
2022-02-08,3135.010009765625,3235.85009765625,3111.010009765625,3228.27001953125,AMZN
2022-02-07,3170.39990234375,3253.820068359375,3145,3158.7099609375,AMZN
2022-02-04,3112.1298828125,3224,3012.159912109375,3152.7900390625,AMZN
2022-02-03,2834.75,2884.949951171875,2766.659912109375,2776.909912109375,AMZN
2022-02-02,3101.010009765625,3101.5,2977.27001953125,3012.25,AMZN
2022-02-01,3000,3034.159912109375,2952.550048828125,3023.8701171875,AMZN
2022-01-31,2895,3007.2099609375,2886.010009765625,2991.469970703125,AMZN
2022-01-28,2817.2099609375,2879.9599609375,2758.590087890625,2879.56005859375,AMZN
2022-01-27,2816,2884.8701171875,2787,2792.75,AMZN
2022-01-26,2895,2903.699951171875,2746.3701171875,2777.449951171875,AMZN
2022-01-25,2844.85009765625,2872,2762.89990234375,2799.719970703125,AMZN
2022-01-24,2780,2898.89990234375,2707.0400390625,2890.8798828125,AMZN
2022-01-21,2999,3018,2841.409912109375,2852.860107421875,AMZN
2022-01-20,3135.320068359375,3160,3027.02001953125,3033.35009765625,AMZN
2022-01-19,3175.239990234375,3185,3125,3125.97998046875,AMZN
2022-01-18,3182.10009765625,3194.68994140625,3153.2900390625,3178.35009765625,AMZN
2022-01-14,3203,3245,3196.010009765625,3242.760009765625,AMZN
2022-01-13,3305.010009765625,3324.429931640625,3221.820068359375,3224.280029296875,AMZN
2022-01-12,3331.5,3337.56005859375,3288.340087890625,3304.139892578125,AMZN
2022-01-11,3230,3327,3214.030029296875,3307.239990234375,AMZN
2022-01-10,3211.7099609375,3233.22998046875,3126.090087890625,3229.719970703125,AMZN
2022-01-07,3276.780029296875,3304.8701171875,3240.6201171875,3251.080078125,AMZN
2022-01-06,3269.010009765625,3296,3238.739990234375,3265.080078125,AMZN
2022-01-05,3337.659912109375,3342.530029296875,3287.139892578125,3287.139892578125,AMZN
2022-01-04,3408.760009765625,3428,3326.989990234375,3350.43994140625,AMZN
2022-01-03,3351,3414.070068359375,3323.2099609375,3408.090087890625,AMZN
2021-12-31,3379.1201171875,3387,3331.169921875,3334.340087890625,AMZN
2021-12-30,3394,3417.760009765625,3370.47998046875,3372.889892578125,AMZN
2021-12-29,3416.800048828125,3424.239990234375,3372.010009765625,3384.02001953125,AMZN
2021-12-28,3403.64990234375,3443.52001953125,3382.7099609375,3413.219970703125,AMZN
2021-12-27,3420.739990234375,3458.860107421875,3384.31005859375,3393.389892578125,AMZN
2021-12-23,3408.56005859375,3439.5,3403,3421.3701171875,AMZN
2021-12-22,3385.39990234375,3441,3370.010009765625,3420.739990234375,AMZN
2021-12-21,3357.010009765625,3414.330078125,3312.949951171875,3408.340087890625,AMZN
2021-12-20,3337,3357.489990234375,3312,3341.580078125,AMZN
2021-12-17,3354.2099609375,3417.969970703125,3312.27001953125,3400.35009765625,AMZN
2021-12-16,3467.3701171875,3483.320068359375,3363.2099609375,3377.419921875,AMZN
2021-12-15,3371.9599609375,3472,3303.89990234375,3466.300048828125,AMZN
2021-12-14,3351,3389.97998046875,3328.800048828125,3381.830078125,AMZN
2021-12-13,3440,3442,3382.60009765625,3391.35009765625,AMZN
2021-12-10,3508.340087890625,3518.5400390625,3410,3444.239990234375,AMZN
2021-12-09,3515,3539.389892578125,3482.7900390625,3483.419921875,AMZN
2021-12-08,3523.010009765625,3543.60009765625,3495.010009765625,3523.159912109375,AMZN
2021-12-07,3492,3549.989990234375,3466.68994140625,3523.2900390625,AMZN
2021-12-06,3393,3473.909912109375,3338.68994140625,3427.3701171875,AMZN
2021-12-03,3455,3469.8701171875,3338.60009765625,3389.7900390625,AMZN
2021-12-02,3460,3492.699951171875,3423.75,3437.360107421875,AMZN
2021-12-01,3545,3559.8798828125,3441.60009765625,3443.719970703125,AMZN
2021-11-30,3563.5,3585.77001953125,3492.010009765625,3507.070068359375,AMZN
2021-11-29,3547.639892578125,3596,3531.5,3561.570068359375,AMZN
2021-11-26,3602.10009765625,3633.5,3504.14990234375,3504.56005859375,AMZN
2021-11-24,3562.669921875,3613.639892578125,3536.85009765625,3580.409912109375,AMZN
2021-11-23,3585.0400390625,3621.050048828125,3527.7099609375,3580.0400390625,AMZN
2021-11-22,3676.3798828125,3713.4599609375,3567.5,3572.570068359375,AMZN
2021-11-19,3712.68994140625,3762.14990234375,3675.719970703125,3676.570068359375,AMZN
2021-11-18,3566.35009765625,3704.199951171875,3561,3696.06005859375,AMZN
2021-11-17,3564.719970703125,3587.25,3545.35009765625,3549,AMZN
2021-11-16,3539,3576.5,3525.14990234375,3540.699951171875,AMZN
2021-11-15,3537,3593.8798828125,3525.81005859375,3545.679931640625,AMZN
2021-11-12,3485,3540.72998046875,3447.050048828125,3525.14990234375,AMZN
2021-11-11,3513,3543.239990234375,3467.469970703125,3472.5,AMZN
2021-11-10,3563.8701171875,3605.449951171875,3463.090087890625,3482.050048828125,AMZN
2021-11-09,3515.25,3593.77001953125,3501.429931640625,3576.22998046875,AMZN
2021-11-08,3523.239990234375,3579,3487.860107421875,3488.97998046875,AMZN
2021-11-05,3477,3566.25,3476.97998046875,3518.989990234375,AMZN
2021-11-04,3370,3498.6298828125,3365,3477,AMZN
2021-11-03,3309,3394.919921875,3297.52001953125,3384,AMZN
2021-11-02,3315.010009765625,3331.1201171875,3283.550048828125,3312.75,AMZN
2021-11-01,3361.800048828125,3375.860107421875,3292.02001953125,3318.110107421875,AMZN
2021-10-29,3300.02001953125,3374.820068359375,3273.320068359375,3372.429931640625,AMZN
2021-10-28,3402.10009765625,3479,3386,3446.570068359375,AMZN
2021-10-27,3388,3437,3371.449951171875,3392.489990234375,AMZN
2021-10-26,3349.510009765625,3416.1201171875,3343.97998046875,3376.070068359375,AMZN
2021-10-25,3335,3347.800048828125,3297.699951171875,3320.3701171875,AMZN
2021-10-22,3421,3429.840087890625,3331.300048828125,3335.550048828125,AMZN
2021-10-21,3414.25,3440.280029296875,3403,3435.010009765625,AMZN
2021-10-20,3452.659912109375,3462.860107421875,3400.3701171875,3415.06005859375,AMZN
2021-10-19,3434.2900390625,3454.68994140625,3422,3444.14990234375,AMZN
2021-10-18,3388.360107421875,3449.169921875,3385.10009765625,3446.739990234375,AMZN
2021-10-15,3311.419921875,3410.419921875,3304,3409.02001953125,AMZN
2021-10-14,3302.449951171875,3312.60009765625,3290.780029296875,3299.860107421875,AMZN
2021-10-13,3269.7099609375,3288.3798828125,3261.090087890625,3284.280029296875,AMZN
2021-10-12,3257,3267.530029296875,3236.280029296875,3247.330078125,AMZN
2021-10-11,3275,3292.590087890625,3238.10009765625,3246.300048828125,AMZN
2021-10-08,3317,3321.429931640625,3288.199951171875,3288.6201171875,AMZN
2021-10-07,3291.5400390625,3325.75,3283.06005859375,3302.429931640625,AMZN
2021-10-06,3213.530029296875,3264.340087890625,3198.6201171875,3262.010009765625,AMZN
2021-10-05,3204.5,3260.72998046875,3202.4599609375,3221,AMZN
2021-10-04,3279.389892578125,3279.989990234375,3176.25,3189.780029296875,AMZN
2021-10-01,3289.010009765625,3309.169921875,3255.93994140625,3283.260009765625,AMZN
2021-09-30,3316,3327.85009765625,3273.989990234375,3285.0400390625,AMZN
2021-09-29,3322.110107421875,3351.300048828125,3297.8701171875,3301.1201171875,AMZN
2021-09-28,3357.7099609375,3369.18994140625,3290.10009765625,3315.9599609375,AMZN
2021-09-27,3371.5,3415.570068359375,3339.610107421875,3405.800048828125,AMZN
2021-09-24,3402.010009765625,3429.260009765625,3393.39990234375,3425.52001953125,AMZN
2021-09-23,3380.050048828125,3428.9599609375,3380.050048828125,3416,AMZN
2021-09-22,3351,3389,3341.050048828125,3380.050048828125,AMZN
2021-09-21,3375,3379.699951171875,3332.389892578125,3343.6298828125,AMZN
2021-09-20,3396,3419,3305.010009765625,3355.72998046875,AMZN
2021-09-17,3488.409912109375,3497.409912109375,3452.1298828125,3462.52001953125,AMZN
2021-09-16,3459.9599609375,3492.550048828125,3446.139892578125,3488.239990234375,AMZN
2021-09-15,3442.52001953125,3485.419921875,3402.010009765625,3475.7900390625,AMZN
2021-09-14,3475.550048828125,3486.81005859375,3437.7099609375,3450,AMZN
2021-09-13,3482.800048828125,3497.9599609375,3438,3457.169921875,AMZN
2021-09-10,3501.830078125,3508.449951171875,3462.909912109375,3469.14990234375,AMZN
2021-09-09,3526.02001953125,3549.989990234375,3480.3701171875,3484.159912109375,AMZN
2021-09-08,3511.64990234375,3545.6298828125,3495.669921875,3525.5,AMZN
2021-09-07,3478,3528.090087890625,3476.93994140625,3509.2900390625,AMZN
2021-09-03,3452,3482.669921875,3436.43994140625,3478.050048828125,AMZN
2021-09-02,3494.760009765625,3511.9599609375,3455,3463.1201171875,AMZN
2021-09-01,3496.39990234375,3527,3475.239990234375,3479,AMZN
2021-08-31,3424.800048828125,3472.580078125,3395.590087890625,3470.7900390625,AMZN
2021-08-30,3357.429931640625,3445,3355.219970703125,3421.570068359375,AMZN
2021-08-27,3333.22998046875,3352.320068359375,3313.75,3349.6298828125,AMZN
2021-08-26,3299,3332,3296,3316,AMZN
2021-08-25,3309.8701171875,3321,3286.14990234375,3299.179931640625,AMZN
2021-08-24,3280,3315.489990234375,3274.580078125,3305.780029296875,AMZN
2021-08-23,3211.89990234375,3280.89990234375,3210.010009765625,3265.8701171875,AMZN
2021-08-20,3203.8701171875,3207.81005859375,3175.760009765625,3199.949951171875,AMZN
2021-08-19,3194.02001953125,3233,3182.4599609375,3187.75,AMZN
2021-08-18,3241.989990234375,3254.10009765625,3200,3201.219970703125,AMZN
2021-08-17,3277.5,3280.489990234375,3225.679931640625,3241.9599609375,AMZN
2021-08-16,3283,3300,3211.1298828125,3298.989990234375,AMZN
2021-08-13,3305.669921875,3306.070068359375,3283,3293.969970703125,AMZN
2021-08-12,3290,3314.510009765625,3269.669921875,3303.5,AMZN
2021-08-11,3331.449951171875,3337.699951171875,3277.7900390625,3292.110107421875,AMZN
2021-08-10,3345.010009765625,3358,3315,3320.679931640625,AMZN
2021-08-09,3343.610107421875,3354.8798828125,3328.52001953125,3341.8701171875,AMZN
2021-08-06,3375,3375,3329.0400390625,3344.93994140625,AMZN
2021-08-05,3356.219970703125,3389,3340.919921875,3375.989990234375,AMZN
2021-08-04,3379.35009765625,3388.8798828125,3345.56005859375,3354.719970703125,AMZN
2021-08-03,3340.719970703125,3391,3299.77001953125,3366.239990234375,AMZN
2021-08-02,3353.10009765625,3358.919921875,3317,3331.47998046875,AMZN
2021-07-30,3347.949951171875,3368.139892578125,3306.97998046875,3327.590087890625,AMZN
2021-07-29,3627.75,3637.949951171875,3580.010009765625,3599.919921875,AMZN
2021-07-28,3633.780029296875,3658.419921875,3601,3630.320068359375,AMZN
2021-07-27,3698.5,3698.5,3586.14990234375,3626.389892578125,AMZN
2021-07-26,3673.169921875,3712.080078125,3647.25,3699.820068359375,AMZN
2021-07-23,3640,3666.110107421875,3622.0400390625,3656.639892578125,AMZN
2021-07-22,3587.22998046875,3640.02001953125,3582.27001953125,3638.030029296875,AMZN
2021-07-21,3576.3798828125,3586.449951171875,3543.639892578125,3585.199951171875,AMZN
2021-07-20,3567.320068359375,3592,3518,3573.18994140625,AMZN
2021-07-19,3532.580078125,3550.2099609375,3499.159912109375,3549.590087890625,AMZN
2021-07-16,3633.31005859375,3646.06005859375,3570.4599609375,3573.6298828125,AMZN
2021-07-15,3694.199951171875,3695.39990234375,3620.919921875,3631.199951171875,AMZN
2021-07-14,3708.85009765625,3717.659912109375,3660.830078125,3681.679931640625,AMZN
2021-07-13,3702.10009765625,3773.080078125,3671.320068359375,3677.360107421875,AMZN
2021-07-12,3744,3757.2900390625,3696.7900390625,3718.550048828125,AMZN
2021-07-09,3722.52001953125,3748,3693.39990234375,3719.340087890625,AMZN
2021-07-08,3643.56005859375,3759.989990234375,3621.1201171875,3731.409912109375,AMZN
2021-07-07,3717.3798828125,3734.199951171875,3678.909912109375,3696.580078125,AMZN
2021-07-06,3530.110107421875,3685.47998046875,3529,3675.739990234375,AMZN
2021-07-02,3451.639892578125,3511.719970703125,3436.919921875,3510.97998046875,AMZN
2021-07-01,3434.610107421875,3457,3409.419921875,3432.969970703125,AMZN
2021-06-30,3441.06005859375,3471.60009765625,3435,3440.159912109375,AMZN
2021-06-29,3438.820068359375,3456.030029296875,3423.030029296875,3448.139892578125,AMZN
2021-06-28,3416,3448,3413.510009765625,3443.889892578125,AMZN
2021-06-25,3464,3464.820068359375,3394.179931640625,3401.4599609375,AMZN
2021-06-24,3507.639892578125,3524.860107421875,3430.85009765625,3449.080078125,AMZN
2021-06-23,3505,3521,3483.199951171875,3503.820068359375,AMZN
2021-06-22,3458.06005859375,3523.780029296875,3456.090087890625,3505.43994140625,AMZN
2021-06-21,3476.419921875,3482,3434,3453.9599609375,AMZN
2021-06-18,3479.989990234375,3507,3473.7099609375,3486.89990234375,AMZN
2021-06-17,3403.179931640625,3497.199951171875,3401,3489.239990234375,AMZN
2021-06-16,3392,3426.35009765625,3360.530029296875,3415.25,AMZN
2021-06-15,3384,3396.989990234375,3363.110107421875,3383.1298828125,AMZN
2021-06-14,3346.830078125,3385,3335.5,3383.8701171875,AMZN
2021-06-11,3349.64990234375,3366.580078125,3333.449951171875,3346.830078125,AMZN
2021-06-10,3282.010009765625,3351,3281.14990234375,3349.64990234375,AMZN
2021-06-09,3272.8701171875,3297.580078125,3270.699951171875,3281.14990234375,AMZN
2021-06-08,3222.610107421875,3279.530029296875,3218.010009765625,3264.110107421875,AMZN
2021-06-07,3197.330078125,3208,3172.199951171875,3198.010009765625,AMZN
2021-06-04,3212,3221,3198.81005859375,3206.219970703125,AMZN
2021-06-03,3204.22998046875,3214.43994140625,3184.030029296875,3187.010009765625,AMZN
2021-06-02,3223.10009765625,3235,3208,3233.989990234375,AMZN
2021-06-01,3243.5,3250.97998046875,3209.06005859375,3218.64990234375,AMZN
2021-05-28,3242,3247.989990234375,3219.699951171875,3223.070068359375,AMZN
2021-05-27,3256,3260.360107421875,3230.0400390625,3230.110107421875,AMZN
2021-05-26,3274.590087890625,3295.72998046875,3258.510009765625,3265.159912109375,AMZN
2021-05-25,3266.669921875,3279.820068359375,3213.760009765625,3259.050048828125,AMZN
2021-05-24,3215.5,3257.949951171875,3210.5,3244.989990234375,AMZN
2021-05-21,3250,3256.68994140625,3197.010009765625,3203.080078125,AMZN
2021-05-20,3244.39990234375,3259.679931640625,3236.179931640625,3247.679931640625,AMZN
2021-05-19,3195,3234.75,3184,3231.800048828125,AMZN
2021-05-18,3292.580078125,3312,3230.3701171875,3232.280029296875,AMZN
2021-05-17,3245.929931640625,3292.75,3234.590087890625,3270.389892578125,AMZN
2021-05-14,3185.56005859375,3228.860107421875,3183,3222.89990234375,AMZN
2021-05-13,3185.469970703125,3203.840087890625,3133,3161.469970703125,AMZN
2021-05-12,3185,3207.93994140625,3133.10009765625,3151.93994140625,AMZN
2021-05-11,3136.280029296875,3238,3127.3701171875,3223.909912109375,AMZN
2021-05-10,3282.320068359375,3283,3190,3190.489990234375,AMZN
2021-05-07,3319.090087890625,3330.889892578125,3289.070068359375,3291.610107421875,AMZN
2021-05-06,3270,3314.39990234375,3247.199951171875,3306.3701171875,AMZN
2021-05-05,3338.860107421875,3354.699951171875,3264.360107421875,3270.5400390625,AMZN
2021-05-04,3356.18994140625,3367.97998046875,3272.1298828125,3311.8701171875,AMZN
2021-05-03,3484.72998046875,3486.64990234375,3372.699951171875,3386.489990234375,AMZN
2021-04-30,3525.1201171875,3554,3462.5,3467.419921875,AMZN
2021-04-29,3505.10009765625,3514.449951171875,3435,3471.31005859375,AMZN
2021-04-28,3434.800048828125,3489.8798828125,3425,3458.5,AMZN
2021-04-27,3443.469970703125,3460,3398.010009765625,3417.429931640625,AMZN
2021-04-26,3348,3428.449951171875,3330.93994140625,3409,AMZN
2021-04-23,3319.10009765625,3375,3308.5,3340.8798828125,AMZN
2021-04-22,3371.679931640625,3372.8701171875,3301.449951171875,3309.0400390625,AMZN
2021-04-21,3316,3362.860107421875,3303.81005859375,3362.02001953125,AMZN
2021-04-20,3373.60009765625,3382.989990234375,3316,3334.68994140625,AMZN
2021-04-19,3390.330078125,3435.929931640625,3360.159912109375,3372.010009765625,AMZN
2021-04-16,3380,3406.800048828125,3355.590087890625,3399.43994140625,AMZN
2021-04-15,3371,3397,3352,3379.090087890625,AMZN
2021-04-14,3404.0400390625,3404.1298828125,3326,3333,AMZN
2022-04-13,343.9200134277344,352,341.1600036621094,350.42999267578125,NFLX
2022-04-12,355.9100036621094,359.4100036621094,342.25,344.1000061035156,NFLX
2022-04-11,350,354.7799987792969,345.20001220703125,348,NFLX
2022-04-08,361.9599914550781,362.5,354.8699951171875,355.8800048828125,NFLX
2022-04-07,365,368.5400085449219,353.69000244140625,362.1499938964844,NFLX
2022-04-06,374.1499938964844,376.4700012207031,362.7300109863281,368.3500061035156,NFLX
2022-04-05,389.29998779296875,390,377.30999755859375,380.1499938964844,NFLX
2022-04-04,373.54998779296875,396.0199890136719,373.1300048828125,391.5,NFLX
2022-04-01,376.79998779296875,380.8699951171875,368.5,373.4700012207031,NFLX
2022-03-31,383.5899963378906,384,373.6099853515625,374.5899963378906,NFLX
2022-03-30,389.54998779296875,392.70001220703125,378.6300048828125,381.4700012207031,NFLX
2022-03-29,384.3900146484375,396.5,380.3299865722656,391.82000732421875,NFLX
2022-03-28,375.2300109863281,380.2799987792969,366.7300109863281,378.510009765625,NFLX
2022-03-25,377.07000732421875,377.6400146484375,366.42999267578125,373.8500061035156,NFLX
2022-03-24,379.760009765625,379.760009765625,368.8999938964844,375.7099914550781,NFLX
2022-03-23,379.7699890136719,382.4599914550781,374.489990234375,374.489990234375,NFLX
2022-03-22,371.1400146484375,386.6600036621094,366.760009765625,382.9200134277344,NFLX
2022-03-21,378.0199890136719,381.82000732421875,368.94000244140625,374.5899963378906,NFLX
2022-03-18,372,381.79998779296875,368.4700012207031,380.6000061035156,NFLX
2022-03-17,359.70001220703125,373.30999755859375,354.8800048828125,371.3999938964844,NFLX
2022-03-16,348.20001220703125,359.989990234375,343.05999755859375,357.5299987792969,NFLX
2022-03-15,335.1000061035156,345.3599853515625,332.3599853515625,343.75,NFLX
2022-03-14,338.7200012207031,341.32000732421875,329.82000732421875,331.010009765625,NFLX
2022-03-11,361.19000244140625,363.3599853515625,340,340.32000732421875,NFLX
2022-03-10,356.20001220703125,367.0199890136719,353.29998779296875,356.7699890136719,NFLX
2022-03-09,357.69000244140625,364.1400146484375,350.510009765625,358.7900085449219,NFLX
2022-03-08,349.79998779296875,358.8599853515625,340.6700134277344,341.760009765625,NFLX
2022-03-07,360.4100036621094,362,350.20001220703125,350.260009765625,NFLX
2022-03-04,368,374.82000732421875,357.1700134277344,361.7300109863281,NFLX
2022-03-03,386,386.1199951171875,364.6499938964844,368.07000732421875,NFLX
2022-03-02,388.92999267578125,389.2200012207031,375.2099914550781,380.0299987792969,NFLX
2022-03-01,391.6000061035156,395,383.7099914550781,386.239990234375,NFLX
2022-02-28,387.3299865722656,397.75,382.1300048828125,394.5199890136719,NFLX
2022-02-25,386.6099853515625,391.2900085449219,375.5799865722656,390.79998779296875,NFLX
2022-02-24,355.0899963378906,390.7300109863281,354.7200012207031,390.0299987792969,NFLX
2022-02-23,382.7200012207031,386,366.6600036621094,367.4599914550781,NFLX
2022-02-22,388.95001220703125,392.4200134277344,373.0199890136719,377.3800048828125,NFLX
2022-02-18,392.5299987792969,402.8699951171875,389.04998779296875,391.2900085449219,NFLX
2022-02-17,394.239990234375,399.1099853515625,385.70001220703125,386.6700134277344,NFLX
2022-02-16,401.5299987792969,401.55999755859375,390.3800048828125,398.0799865722656,NFLX
2022-02-15,403.7900085449219,409.1600036621094,401.010009765625,407.4599914550781,NFLX
2022-02-14,387.5899963378906,409.3599853515625,386.8900146484375,396.57000732421875,NFLX
2022-02-11,405.3299865722656,411.6099853515625,387.6499938964844,391.30999755859375,NFLX
2022-02-10,402.1000061035156,408,396.3599853515625,406.2699890136719,NFLX
2022-02-09,408.6499938964844,412.9800109863281,398.7900085449219,412.8900146484375,NFLX
2022-02-08,398.17999267578125,406.6099853515625,395.8299865722656,403.5299987792969,NFLX
2022-02-07,410.1700134277344,412.3500061035156,393.54998779296875,402.1000061035156,NFLX
2022-02-04,407.30999755859375,412.7699890136719,396.6400146484375,410.1700134277344,NFLX
2022-02-03,421.44000244140625,429.260009765625,404.2799987792969,405.6000061035156,NFLX
2022-02-02,448.25,451.9800109863281,426.4800109863281,429.4800109863281,NFLX
2022-02-01,432.9599914550781,458.4800109863281,425.5400085449219,457.1300048828125,NFLX
2022-01-31,401.9700012207031,427.70001220703125,398.20001220703125,427.1400146484375,NFLX
2022-01-28,386.760009765625,387,372.0799865722656,384.3599853515625,NFLX
2022-01-27,382.05999755859375,394.79998779296875,378.1000061035156,386.70001220703125,NFLX
2022-01-26,378.2699890136719,382.6600036621094,356.6199951171875,359.70001220703125,NFLX
2022-01-25,379.1400146484375,387.7099914550781,365.1300048828125,366.4200134277344,NFLX
2022-01-24,383.9100036621094,387.260009765625,351.4599914550781,387.1499938964844,NFLX
2022-01-21,400.42999267578125,409.1499938964844,379.989990234375,397.5,NFLX
2022-01-20,517.75,526.6400146484375,506.92999267578125,508.25,NFLX
2022-01-19,515,523.2100219726562,510.510009765625,515.8599853515625,NFLX
2022-01-18,520.0800170898438,521.75,508.67999267578125,510.79998779296875,NFLX
2022-01-14,517.5999755859375,538.3699951171875,511.8800048828125,525.6900024414062,NFLX
2022-01-13,537.0599975585938,540.7899780273438,518.260009765625,519.2000122070312,NFLX
2022-01-12,544.27001953125,544.27001953125,532.02001953125,537.219970703125,NFLX
2022-01-11,536.989990234375,543.9099731445312,530.0700073242188,540.8400268554688,NFLX
2022-01-10,538.489990234375,543.6900024414062,526.3200073242188,539.8499755859375,NFLX
2022-01-07,549.4600219726562,553.4299926757812,538.219970703125,541.0599975585938,NFLX
2022-01-06,554.3400268554688,563.3599853515625,542.010009765625,553.2899780273438,NFLX
2022-01-05,592,592.8400268554688,566.8800048828125,567.52001953125,NFLX
2022-01-04,599.9099731445312,600.4099731445312,581.5999755859375,591.1500244140625,NFLX
2022-01-03,605.6099853515625,609.989990234375,590.5599975585938,597.3699951171875,NFLX
2021-12-31,610.010009765625,614.0800170898438,602.0499877929688,602.4400024414062,NFLX
2021-12-30,612.989990234375,620.6099853515625,611.239990234375,612.0900268554688,NFLX
2021-12-29,610.7100219726562,613.97998046875,604.6799926757812,610.5399780273438,NFLX
2021-12-28,614.9500122070312,618.4099731445312,609.6900024414062,610.7100219726562,NFLX
2021-12-27,615,615,609.25,613.1199951171875,NFLX
2021-12-23,616.4000244140625,616.8800048828125,607.5700073242188,614.0900268554688,NFLX
2021-12-22,603.3599853515625,614.8200073242188,602.6300048828125,614.239990234375,NFLX
2021-12-21,597.5399780273438,607.8200073242188,593.8599853515625,604.9199829101562,NFLX
2021-12-20,586.4299926757812,602.8800048828125,584.260009765625,593.739990234375,NFLX
2021-12-17,591.6099853515625,593.25,581.739990234375,586.72998046875,NFLX
2021-12-16,597.0900268554688,602.8300170898438,588,591.0599975585938,NFLX
2021-12-15,598.1799926757812,605.6900024414062,584.510009765625,605.0399780273438,NFLX
2021-12-14,598.7100219726562,602.2899780273438,588.1300048828125,597.989990234375,NFLX
2021-12-13,612,612.6400146484375,599.52001953125,604.5599975585938,NFLX
2021-12-10,616.780029296875,617.739990234375,605.8800048828125,611.6599731445312,NFLX
2021-12-09,627.5800170898438,630.239990234375,610.4400024414062,611,NFLX
2021-12-08,630,632.4600219726562,623.2000122070312,628.0800170898438,NFLX
2021-12-07,619.8300170898438,628.8900146484375,611.4000244140625,625.5800170898438,NFLX
2021-12-06,606.010009765625,617.2899780273438,601,612.6900024414062,NFLX
2021-12-03,622.75,625.5,594,602.1300048828125,NFLX
2021-12-02,617.0999755859375,625.3599853515625,612.8800048828125,616.469970703125,NFLX
2021-12-01,649.47998046875,654.52001953125,617.0700073242188,617.77001953125,NFLX
2021-11-30,668.2000122070312,675.3800048828125,640.010009765625,641.9000244140625,NFLX
2021-11-29,663.2000122070312,667.989990234375,658.2899780273438,663.8400268554688,NFLX
2021-11-26,675,676.4099731445312,660.6699829101562,665.6400146484375,NFLX
2021-11-24,658.010009765625,661.4400024414062,651.0999755859375,658.2899780273438,NFLX
2021-11-23,658.1799926757812,666.4299926757812,646.0499877929688,654.0599975585938,NFLX
2021-11-22,676.02001953125,679.47998046875,656.469970703125,659.2000122070312,NFLX
2021-11-19,692.3499755859375,694.1599731445312,675,678.7999877929688,NFLX
2021-11-18,691.6099853515625,691.739990234375,679.739990234375,682.02001953125,NFLX
2021-11-17,690,700.989990234375,686.0900268554688,691.6900024414062,NFLX
2021-11-16,678.27001953125,688.3599853515625,676.9000244140625,687.4000244140625,NFLX
2021-11-15,681.239990234375,685.260009765625,671.489990234375,679.3300170898438,NFLX
2021-11-12,660.010009765625,683.3400268554688,653.8200073242188,682.6099853515625,NFLX
2021-11-11,650.239990234375,665.8200073242188,649.7100219726562,657.5800170898438,NFLX
2021-11-10,653.010009765625,660.3300170898438,642.1099853515625,646.9099731445312,NFLX
2021-11-09,653.7000122070312,660.5,650.52001953125,655.989990234375,NFLX
2021-11-08,650.2899780273438,656,643.7899780273438,651.4500122070312,NFLX
2021-11-05,663.969970703125,665.6400146484375,645.010009765625,645.719970703125,NFLX
2021-11-04,685.8900146484375,685.9400024414062,665.5,668.4000244140625,NFLX
2021-11-03,677.27001953125,689.3900146484375,677.27001953125,688.2899780273438,NFLX
2021-11-02,683.1099853515625,687.6799926757812,673.8200073242188,677.719970703125,NFLX
2021-11-01,689.0599975585938,689.969970703125,676.5399780273438,681.1699829101562,NFLX
2021-10-29,673.0599975585938,690.969970703125,671.239990234375,690.3099975585938,NFLX
2021-10-28,670.9500122070312,676.7999877929688,668.030029296875,674.0499877929688,NFLX
2021-10-27,669,671.4099731445312,661.8499755859375,662.9199829101562,NFLX
2021-10-26,673.760009765625,676.489990234375,662.77001953125,668.52001953125,NFLX
2021-10-25,663.739990234375,675.8800048828125,657.0700073242188,671.6599731445312,NFLX
2021-10-22,651.8099975585938,665.4600219726562,651.8099975585938,664.780029296875,NFLX
2021-10-21,628.8900146484375,654.010009765625,628.6500244140625,653.1599731445312,NFLX
2021-10-20,625.5700073242188,637.4000244140625,617.1500244140625,625.1400146484375,NFLX
2021-10-19,636.969970703125,641,632.2999877929688,639,NFLX
2021-10-18,632.0999755859375,638.4099731445312,620.5900268554688,637.969970703125,NFLX
2021-10-15,638,639.4199829101562,625.1599731445312,628.2899780273438,NFLX
2021-10-14,632.22998046875,636.8800048828125,626.7899780273438,633.7999877929688,NFLX
2021-10-13,632.1799926757812,632.1799926757812,622.0999755859375,629.760009765625,NFLX
2021-10-12,633.02001953125,637.6599731445312,621.989990234375,624.9400024414062,NFLX
2021-10-11,633.2000122070312,639.4199829101562,626.780029296875,627.0399780273438,NFLX
2021-10-08,634.1699829101562,643.7999877929688,630.8599853515625,632.6599731445312,NFLX
2021-10-07,642.22998046875,646.8400268554688,630.4500122070312,631.8499755859375,NFLX
2021-10-06,628.1799926757812,639.8699951171875,626.3599853515625,639.0999755859375,NFLX
2021-10-05,606.9400024414062,640.3900146484375,606.8900146484375,634.8099975585938,NFLX
2021-10-04,613.3900146484375,626.1300048828125,594.6799926757812,603.3499755859375,NFLX
2021-10-01,604.239990234375,614.989990234375,597.510009765625,613.1500244140625,NFLX
2021-09-30,608.0499877929688,619,608.0499877929688,610.3400268554688,NFLX
2021-09-29,589.010009765625,609.8800048828125,588.010009765625,599.0599975585938,NFLX
2021-09-28,589,599.5399780273438,580.1599731445312,583.8499755859375,NFLX
2021-09-27,587.9500122070312,593.5800170898438,576.9299926757812,592.6400146484375,NFLX
2021-09-24,592.5,592.97998046875,583.6400146484375,592.3900146484375,NFLX
2021-09-23,590.7899780273438,599.3200073242188,589.1300048828125,593.260009765625,NFLX
2021-09-22,579.6900024414062,595.6500244140625,579.6900024414062,590.6500244140625,NFLX
2021-09-21,578.3099975585938,581.8800048828125,569.3699951171875,573.1400146484375,NFLX
2021-09-20,586.7899780273438,591.530029296875,568.0800170898438,575.4299926757812,NFLX
2021-09-17,587.8499755859375,590.280029296875,580.8499755859375,589.3499755859375,NFLX
2021-09-16,584.2999877929688,587.47998046875,577.719970703125,586.5,NFLX
2021-09-15,578.1699829101562,584.6199951171875,575.3699951171875,582.8699951171875,NFLX
2021-09-14,584.8900146484375,587.280029296875,575.5599975585938,577.760009765625,NFLX
2021-09-13,598.5700073242188,598.5700073242188,582.780029296875,589.2899780273438,NFLX
2021-09-10,598.1599731445312,609.4500122070312,593.6699829101562,598.719970703125,NFLX
2021-09-09,606.469970703125,609.4400024414062,596.5499877929688,597.5399780273438,NFLX
2021-09-08,603.8400268554688,615.5999755859375,595.7100219726562,606.0499877929688,NFLX
2021-09-07,594.6900024414062,613.8499755859375,593.989990234375,606.7100219726562,NFLX
2021-09-03,585.7999877929688,591.8800048828125,583.1400146484375,590.530029296875,NFLX
2021-09-02,583.6799926757812,598.760009765625,583.6799926757812,588.5499877929688,NFLX
2021-09-01,569,591,569,582.0700073242188,NFLX
2021-08-31,566.1199951171875,569.47998046875,561.6099853515625,569.1900024414062,NFLX
2021-08-30,557.25,567.1599731445312,556.4500122070312,566.1799926757812,NFLX
2021-08-27,551.5999755859375,564.1699829101562,549.25,558.9199829101562,NFLX
2021-08-26,546.1599731445312,552.5999755859375,545.9000244140625,550.1199951171875,NFLX
2021-08-25,550.1599731445312,552.8400268554688,545.4500122070312,547.5800170898438,NFLX
2021-08-24,551.47998046875,555.3099975585938,549.27001953125,553.4099731445312,NFLX
2021-08-23,545.97998046875,555.5499877929688,543.739990234375,553.3300170898438,NFLX
2021-08-20,545.0900268554688,551.3900146484375,539.0999755859375,546.8800048828125,NFLX
2021-08-19,522.739990234375,548.3900146484375,521.8699951171875,543.7100219726562,NFLX
2021-08-18,520,526.3800048828125,518.6500244140625,521.8699951171875,NFLX
2021-08-17,515.469970703125,520.7899780273438,514.2000122070312,518.9099731445312,NFLX
2021-08-16,515.239990234375,523.3800048828125,512.2999877929688,517.9199829101562,NFLX
2021-08-13,512.6400146484375,521.4400024414062,511.510009765625,515.9199829101562,NFLX
2021-08-12,511.8599853515625,513,507.20001220703125,510.7200012207031,NFLX
2021-08-11,517,519.5700073242188,509.7699890136719,512.4000244140625,NFLX
2021-08-10,520,520.7899780273438,512.969970703125,515.8400268554688,NFLX
2021-08-09,521.1500244140625,522.6699829101562,517.989990234375,519.969970703125,NFLX
2021-08-06,524,526.8400268554688,519.3900146484375,520.5499877929688,NFLX
2021-08-05,517.1300048828125,525.4099731445312,514.02001953125,524.8900146484375,NFLX
2021-08-04,513,517.97998046875,510.3699951171875,517.3499755859375,NFLX
2021-08-03,514.3900146484375,515.6300048828125,505.3699951171875,510.82000732421875,NFLX
2021-08-02,519,519.8499755859375,510.510009765625,515.1500244140625,NFLX
2021-07-30,512.6900024414062,519.7899780273438,510.9599914550781,517.5700073242188,NFLX
2021-07-29,519.9600219726562,520.780029296875,513.7899780273438,514.25,NFLX
2021-07-28,521.8200073242188,524.469970703125,516.97998046875,519.2999877929688,NFLX
2021-07-27,518.0800170898438,521.9500122070312,512.0499877929688,518.9099731445312,NFLX
2021-07-26,514.3800048828125,521.1300048828125,509.010009765625,516.489990234375,NFLX
2021-07-23,512.1599731445312,517.4099731445312,504.6600036621094,515.4099731445312,NFLX
2021-07-22,510.2099914550781,513.6799926757812,507,511.7699890136719,NFLX
2021-07-21,526.1300048828125,530.989990234375,505.6099853515625,513.6300048828125,NFLX
2021-07-20,526.0700073242188,536.6400146484375,520.2999877929688,531.0499877929688,NFLX
2021-07-19,526.0499877929688,534.9099731445312,522.239990234375,532.280029296875,NFLX
2021-07-16,541.8099975585938,544.0599975585938,527.0499877929688,530.3099975585938,NFLX
2021-07-15,553.969970703125,557.5399780273438,538.2000122070312,542.9500122070312,NFLX
2021-07-14,541.010009765625,554.0999755859375,541.010009765625,547.9500122070312,NFLX
2021-07-13,535.760009765625,545.3300170898438,535.760009765625,540.6799926757812,NFLX
2021-07-12,540.2999877929688,540.6500244140625,532.9199829101562,537.3099975585938,NFLX
2021-07-09,531,538.260009765625,528.5800170898438,535.97998046875,NFLX
2021-07-08,530.9299926757812,535.5,529.0900268554688,530.760009765625,NFLX
2021-07-07,544.239990234375,544.6400146484375,531.6599731445312,535.9600219726562,NFLX
2021-07-06,533,542.8599853515625,533,541.6400146484375,NFLX
2021-07-02,535.5,538.5399780273438,529.3900146484375,533.97998046875,NFLX
2021-07-01,525.719970703125,537.0399780273438,525.719970703125,533.5399780273438,NFLX
2021-06-30,534.0599975585938,534.3800048828125,526.8200073242188,528.2100219726562,NFLX
2021-06-29,533.5499877929688,536.1300048828125,528.5700073242188,533.5,NFLX
2021-06-28,528.1199951171875,533.9400024414062,524.5599975585938,533.030029296875,NFLX
2021-06-25,528.8400268554688,533.0599975585938,525,527.0700073242188,NFLX
2021-06-24,517.9600219726562,520.9600219726562,514.4000244140625,518.0599975585938,NFLX
2021-06-23,508.4800109863281,516.6300048828125,508.20001220703125,512.739990234375,NFLX
2021-06-22,498.5400085449219,513.5499877929688,495.79998779296875,508.82000732421875,NFLX
2021-06-21,501.6400146484375,502.04998779296875,492.2799987792969,497,NFLX
2021-06-18,496.3999938964844,504.489990234375,495.239990234375,500.7699890136719,NFLX
2021-06-17,490.25,501.79998779296875,490.1499938964844,498.3399963378906,NFLX
2021-06-16,495,496.4599914550781,486.2799987792969,492.4100036621094,NFLX
2021-06-15,501.2300109863281,501.2300109863281,490.3999938964844,491.8999938964844,NFLX
2021-06-14,489.67999267578125,503.5,486.9100036621094,499.8900146484375,NFLX
2021-06-11,490,491.4100036621094,487.7799987792969,488.7699890136719,NFLX
2021-06-10,487.1700134277344,490.2099914550781,482.1400146484375,487.2699890136719,NFLX
2021-06-09,494.5,496.0899963378906,484.6499938964844,485.80999755859375,NFLX
2021-06-08,497,498.82000732421875,489.3699951171875,492.3900146484375,NFLX
2021-06-07,492.9200134277344,496.70001220703125,490.54998779296875,494.6600036621094,NFLX
2021-06-04,492,501.8599853515625,490.95001220703125,494.739990234375,NFLX
2021-06-03,495.19000244140625,496.6600036621094,487.25,489.42999267578125,NFLX
2021-06-02,499.82000732421875,503.2200012207031,495.82000732421875,499.239990234375,NFLX
2021-06-01,504.010009765625,505.4100036621094,497.739990234375,499.0799865722656,NFLX
2021-05-28,504.3999938964844,511.760009765625,502.5299987792969,502.80999755859375,NFLX
2021-05-27,501.79998779296875,505.1000061035156,498.5400085449219,503.8599853515625,NFLX
2021-05-26,502.3399963378906,504.1400146484375,500.5,502.3599853515625,NFLX
2021-05-25,506,506.3699951171875,499.2200012207031,501.3399963378906,NFLX
2021-05-24,501.04998779296875,504.25,499.510009765625,502.8999938964844,NFLX
2021-05-21,503.1199951171875,505.3999938964844,497.260009765625,497.8900146484375,NFLX
2021-05-20,489.54998779296875,502.70001220703125,488.9800109863281,501.6700134277344,NFLX
2021-05-19,481.6300048828125,488.57000732421875,478.5400085449219,487.70001220703125,NFLX
2021-05-18,488.3999938964844,493.4800109863281,486.19000244140625,486.2799987792969,NFLX
2021-05-17,485.5899963378906,492.7099914550781,482.80999755859375,488.94000244140625,NFLX
2021-05-14,487.8599853515625,494.8500061035156,486.5899963378906,493.3699951171875,NFLX
2021-05-13,489.1300048828125,490.7799987792969,482.7099914550781,486.6600036621094,NFLX
2021-05-12,486.8299865722656,493.5400085449219,482.70001220703125,484.9800109863281,NFLX
2021-05-11,479.75,497.989990234375,478.6300048828125,495.0799865722656,NFLX
2021-05-10,502,503.1499938964844,486.1099853515625,486.69000244140625,NFLX
2021-05-07,504.6199951171875,508.54998779296875,501.1199951171875,503.8399963378906,NFLX
2021-05-06,495.989990234375,499.54998779296875,491.3699951171875,499.54998779296875,NFLX
2021-05-05,504.989990234375,507.7799987792969,494.6300048828125,496.0799865722656,NFLX
2021-05-04,510.7799987792969,511.6300048828125,496.7900085449219,503.17999267578125,NFLX
2021-05-03,512.6500244140625,518.9500122070312,505.20001220703125,509.1099853515625,NFLX
2021-04-30,505,514.5499877929688,505,513.469970703125,NFLX
2021-04-29,507.6000061035156,509.2900085449219,499,509,NFLX
2021-04-28,505.20001220703125,508.3999938964844,503.3399963378906,506.5199890136719,NFLX
2021-04-27,512.6199951171875,512.989990234375,504.5799865722656,505.54998779296875,NFLX
2021-04-26,506.760009765625,510.4800109863281,503,510.29998779296875,NFLX
2021-04-23,509.010009765625,509.70001220703125,500.70001220703125,505.54998779296875,NFLX
2021-04-22,513.8200073242188,513.9600219726562,500.54998779296875,508.7799987792969,NFLX
2021-04-21,508,515.4600219726562,503.6000061035156,508.8999938964844,NFLX
2021-04-20,554.4199829101562,563.5599975585938,546.2999877929688,549.5700073242188,NFLX
2021-04-19,546.9000244140625,556.4400024414062,545.530029296875,554.4400024414062,NFLX
2021-04-16,550.5399780273438,551.97998046875,539.510009765625,546.5399780273438,NFLX
2021-04-15,544.1699829101562,553.489990234375,542.6599731445312,549.219970703125,NFLX
2021-04-14,554.8699951171875,554.8699951171875,538.530029296875,540.02001953125,NFLX
